{
	"format_version": "1.8.0",
	"animations": {
		"animation.endermaptera.move": {
			"loop": true,
			"animation_length": 0.91667,
			"bones": {
				"leg1": {
					"rotation": {
						"0.0833": [0, 0, 0],
						"0.25": [20.84937, 4.51202, -19.40665],
						"0.4167": [0, 0, 0]
					}
				},
				"leg2": {
					"rotation": {
						"0.25": [0, 0, 0],
						"0.4167": [26.2548, -5.30006, -10.77297],
						"0.5833": [0, 0, 0]
					}
				},
				"leg3": {
					"rotation": {
						"0.5833": [0, 0, 0],
						"0.75": [20, 0, 0],
						"0.9167": [0, 0, 0]
					}
				},
				"leg5": {
					"rotation": {
						"0.25": [0, 0, 0],
						"0.4167": [-26.25483, -5.30006, -10.77297],
						"0.5833": [0, 0, 0]
					}
				},
				"leg6": {
					"rotation": {
						"0.5833": [0, 0, 0],
						"0.75": [-20, 0, 0],
						"0.9167": [0, 0, 0]
					}
				},
				"leg4": {
					"rotation": {
						"0.0833": [0, 0, 0],
						"0.25": [-20.8494, 4.512, -19.4067],
						"0.4167": [0, 0, 0]
					}
				},
				"antenna": {
					"rotation": {
						"0.0": [0, 0, 0],
						"0.1667": [0, 0, -40],
						"0.3333": [0, 0, 0],
						"0.5": [0, 0, 0],
						"0.6667": [0, 0, -40],
						"0.8333": [0, 0, 0]
					}
				}
			}
		},
		"animation.endermaptera.attack": {
			"loop": true,
			"animation_length": 0.5,
			"bones": {
				"head": {
					"rotation": {
						"0.0": [0, 0, 0],
						"0.25": [0, 0, -15],
						"0.5": [0, 0, 0]
					}
				},
				"Tail": {
					"rotation": {
						"0.0": [0, 0, 0],
						"0.25": [0, 0, 11],
						"0.5": [0, 0, 0]
					}
				},
				"antenna": {
					"rotation": {
						"0.0": [0, 0, 0],
						"0.25": [0, 0, -40],
						"0.5": [0, 0, 0]
					}
				},
				"Jawteeth1": {
					"rotation": {
						"0.0": [0, 0, 0],
						"0.25": [0, 25, 0],
						"0.5": [0, 0, 0]
					}
				},
				"Jawteeth": {
					"rotation": {
						"0.0": [0, 0, 0],
						"0.25": [0, -25, 0],
						"0.5": [0, 0, 0]
					}
				}
			}
		},
		"animation.endermaptera.death": {
			"loop": "hold_on_last_frame",
			"animation_length": 0.5,
			"bones": {
				"Endermaptera": {
					"rotation": {
						"0.0": [0, 0, 0],
						"0.5": [-180, 0, 0]
					},
					"position": {
						"0.0": [0, 0, 0],
						"0.5": [0, 6.3, 13]
					}
				}
			}
		}
	}
}